﻿City,Sum,Overseas,Shincheonji,Collective,Patient_contact,Oversea_inflow_related,ETC,Collective cases
Seoul,633,252,8,262,18,69,24,"구로구 콜센터 관련(98명), 동대문구 동안교회-PC방 관련(20명), 만민중앙교회 관련(41명) 등"
Busan,137,24,12,53,18,1,29,"온천교회 관련(39명), 수영구 유치원 관련(5명) 등"
Daegu,6849,20,4510,663,928,4,724,"제이미주병원 관련(196명), 한사랑요양병원 관련(128명), 대실요양병원 관련(100명), 파티마병원 관련(37명) 등"
Incheon,93,41,2,34,5,7,4,구로구 콜센터 관련(20명) 등
Gwangju,30,14,9,0,1,6,0,
Daejeon,40,10,2,11,8,0,9,산림기술연구원 관련(3명) 등
Ulsan,43,12,16,1,4,3,7,
Sejong ,46,3,1,38,3,0,1,"해양수산부 관련(30명), 운동시설 관련(8명)"
Gyungki,674,162,29,322,57,62,42,"성남 은혜의강 교회 관련(72명), 구로구 콜센터-부천 생명수교회 관련(48명), 의정부성모병원 관련(50명) 등"
Gangwon,53,14,17,15,0,0,7,원주시 아파트 관련(3명) 의정부성모병원 관련(10명) 등
Chungbuk,45,5,6,18,6,2,8,괴산군 장연면 관련(11명)
Chungnam,142,12,0,118,1,1,10,"천안시 등 운동시설 관련(103명), 서산시 연구소 관련(9명) 등"
Jeonbuk,18,9,1,3,0,0,5,
Jeonnam,15,7,1,3,2,1,1,만민중앙교회(2명)
Gyungbuk,1365,10,566,463,192,0,134,"청도 대남병원 관련(120명), 봉화 푸른요양원(68명), 성지순례 관련(49명), 경산 서요양병원 관련(66명), 예천군 관련(40명) 등"
Gyungnam,117,14,32,46,6,1,18,"거창교회 관련(10명), 거창군 웅양면 관련(8명), 윙스타워 관련(10명) 등"
Jeju,13,8,0,0,0,1,4,
Quarantine,439,439,0,0,0,0,0,
