﻿Age,Cases,Gender,Status
0s,80,male,confirmed
10s,316,male,confirmed
20s,1333,male,confirmed
30s,512,male,confirmed
40s,453,male,confirmed
50s,647,male,confirmed
60s,548,male,confirmed
70s,302,male,confirmed
80s,153,male,confirmed
0s,60,female,confirmed
10s,274,female,confirmed
20s,1615,female,confirmed
30s,642,female,confirmed
40s,970,female,confirmed
50s,1308,female,confirmed
60s,800,female,confirmed
70s,407,female,confirmed
80s,332,female,confirmed
0s,0,male,deceased
10s,0,male,deceased
20s,0,male,deceased
30s,1,male,deceased
40s,3,male,deceased
50s,10,male,deceased
60s,26,male,deceased
70s,42,male,deceased
80s,46,male,deceased
0s,0,female,deceased
10s,0,female,deceased
20s,0,female,deceased
30s,1,female,deceased
40s,0,female,deceased
50s,5,female,deceased
60s,9,female,deceased
70s,31,female,deceased
80s,70,female,deceased
